{
  "30": {
    "mean": -189.88079470198676,
    "std": 19069.6920845018,
    "band_power": {
      "delta": 255284218.80976528,
      "theta": 28774236.65483233,
      "alpha": 12567181.836226761,
      "beta": 10175679.039222734,
      "gamma": 0.0,
      "smr": 7232440.429232302
    },
    "band_pct": {
      "delta": 83.16588413383806,
      "theta": 9.374002211467221,
      "alpha": 4.094106534878876,
      "beta": 3.3150084556920936,
      "gamma": 0.0,
      "smr": 2.356167198845317
    }
  },
  "44": {
    "mean": -111.89403973509934,
    "std": 19072.084225485272,
    "band_power": {
      "delta": 255969901.96778128,
      "theta": 27960856.17254315,
      "alpha": 12614029.51210319,
      "beta": 10065107.297619391,
      "gamma": 0.0,
      "smr": 7080806.242332425
    },
    "band_pct": {
      "delta": 83.37130335667861,
      "theta": 9.107059088403965,
      "alpha": 4.108483352609253,
      "beta": 3.2782804047523055,
      "gamma": 0.0,
      "smr": 2.306271326047018
    }
  },
  "58": {
    "mean": -33.90728476821192,
    "std": 19076.2504643728,
    "band_power": {
      "delta": 255077236.8138919,
      "theta": 28826070.505212784,
      "alpha": 12775770.714386959,
      "beta": 10100944.526645929,
      "gamma": 0.0,
      "smr": 7175101.249373959
    },
    "band_pct": {
      "delta": 83.00814479551283,
      "theta": 9.380682746411377,
      "alpha": 4.157536903647174,
      "beta": 3.2870854189588914,
      "gamma": 0.0,
      "smr": 2.3349470570949116
    }
  }
}